date,total_cas_confirmes,total_deces_hopital,total_deces_ehpad,total_cas_confirmes_ehpad,total_cas_possibles_ehpad,patients_reanimation,patients_hospitalises,total_patients_gueris,nouveaux_patients_hospitalises,nouveaux_patients_reanimation
3/2/2020,191,3,NaN,,,NaN,NaN,NaN,NaN,NaN
3/3/2020,212,4,NaN,,,NaN,NaN,12,NaN,NaN
3/4/2020,285,4,NaN,,,15,NaN,NaN,NaN,NaN
3/5/2020,423,7,NaN,,,23,NaN,NaN,NaN,NaN
3/6/2020,613,9,NaN,,,39,NaN,NaN,NaN,NaN
3/7/2020,949,16,NaN,,,45,NaN,NaN,NaN,NaN
3/8/2020,1126,19,NaN,,,NaN,NaN,NaN,NaN,NaN
3/9/2020,1412,25,NaN,,,66,NaN,NaN,NaN,NaN
3/10/2020,1784,33,NaN,,,86,NaN,NaN,NaN,NaN
3/11/2020,2281,48,NaN,,,105,NaN,NaN,NaN,NaN
3/12/2020,2876,61,NaN,,,129,NaN,NaN,NaN,NaN
3/13/2020,3661,79,NaN,,,NaN,NaN,NaN,NaN,NaN
3/14/2020,4500,91,NaN,,,300,NaN,NaN,NaN,NaN
3/15/2020,5423,127,NaN,,,NaN,400,NaN,NaN,NaN
3/16/2020,6633,148,NaN,,,NaN,NaN,NaN,NaN,NaN
3/17/2020,7730,175,NaN,,,699,2579,602,NaN,NaN
3/18/2020,9134,264,NaN,,,931,3626,1000,,
3/19/2020,10995,372,NaN,,,1122,4461,1300,2229,438
3/20/2020,12612,450,NaN,,,1297,5226,1587,1256,242
3/21/2020,14459,562,NaN,,,1525,6172,1811,1540,298
3/22/2020,16689,674,NaN,,,1746,7240,2200,1534,309
3/23/2020,19856,860,NaN,,,2082,8675,2567,2053,448
3/24/2020,22302,1100,NaN,,,2516,10176,3281,2618,571
3/25/2020,25233,1331,NaN,,,2827,11539,3900,3166,607
3/26/2020,29155,1696,NaN,,,3375,13904,4948,3097,612
3/27/2020,32964,1995,NaN,,,3787,15732,5698,3059,608
3/28/2020,37575,2314,NaN,,,4273,17620,6624,3353,695
3/29/2020,40174,2606,NaN,,,4632,19354,7131,2685,543
3/30/2020,44550,3024,NaN,,,5107,21008,7924,3108,694
3/31/2020,52128,3523,NaN,,,5565,22757,9444,4146,767
4/1/2020,56989,4032,371,,,6017,24639,10935,4281,771
4/2/2020,59105,4503,884,,,6399,26246,12428,3845,728
4/3/2020,64338,5091,1416,,,6662,27432,14008,3627,640
4/4/2020,68605,5532,2028,,,6838,28143,15438,2822,502
4/5/2020,70478,5889,2189,,,6978,28891,16183,1931,390
4/6/2020,74390,6494,2417,,,7072,29722,17250,2754,478
4/7/2020,78167,7091,3237,,,7131,30027,19337,3277,518
4/8/2020,82048,7632,3237,,,7148,30375,21254,3139,482
4/9/2020,86334,8044,4166,,,7066,30767,23206,2990,369
4/10/2020,90676,8598,4599,,,7004,31267,24932,3161,431
4/11/2020,93790,8943,4889,,,6883,31320,26391,2044,255
4/12/2020,95403,9253,5140,11958,25230,6845,31826,27186,1688,220
4/13/2020,98076,9588,5379,12481,26222,6821,32113,27718,1257,227
4/14/2020,103573,10129,5600,13050,26680,6730,32292,28805,1965,275
4/15/2020,106206,10643,6524,14393,27264,6457,31779,30995,2415,284
4/16/2020,108847,11060,6860,18967,37213,6248,31305,32812,2084,270
4/17/2020,109252,11478,7203,20272,38717,6027,31190,34420,2166,242
4/18/2020,111821,11842,7481,22163,39972,5833,30639,35983,1565,206
4/19/2020,112606,12069,7649,23048,40288,5744,30610,36578,890,137
4/20/2020,114657,12513,7752,23668,40726,5683,30584,37409,1464,208
4/21/2020,117324,12900,7896,,,5433,30106,39181,1885,190
4/22/2020,119151,13236,8104,25513,,5218,29741,40657,1619,183
4/23/2020,120804,13547,8309,26840,37379,5053,29219,42088,1410,178
4/24/2020,122577,13852,8393,27880,37251,4870,28658,43493,1346,155
4/25/2020,124114,14050,8564,29126,37374,4725,28222,44594,999,124
4/26/2020,124575,14202,8654,29643,37525,4682,28217,44903,481,79
4/27/2020,128339,14497,8796,30227,37503,4608,28055,45513,964,125
4/28/2020,129859,14810,8850,30817,39076,4387,27484,46886,1321,153
4/29/2020,128442,15053,9034,31795,,4207,26834,48228,1070,110
4/30/2020,129581,15244,9132,32355,,4019,26283,49476,1048,121
5/1/2020,130185,15369,9225,32791,,3878,25887,50212,668,73
5/2/2020,130979,15487,9273,33271,,3827,25827,50562,453,64
5/3/2020,131287,15583,9312,33361,,3819,25815,50784,345,80
5/4/2020,131863,15826,9375,33791,,3696,25548,51371,689,84
5/5/2020,132967,16060,9471,34108,,3430,24775,52736,987,111
5/6/2020,137150,16237,9572,34507,,3147,23983,53972,833,69
5/7/2020,137779,16386,9601,34653,,2961,23208,55027,728,99
5/8/2020,138421,16497,9733,34890,,2868,22724,55782,510,89
5/9/2020,138854,16573,9737,35046,,2812,22614,56038,265,38
5/10/2020,139063,16642,9738,35236,,2776,22569,56217,253,38
5/11/2020,139519,16820,9823,35195,,2712,22284,56724,523,82
5/12/2020,140227,17003,9988,35437,,2542,21595,57785,670,92
5/13/2020,140734,17101,9973,35604,,2428,21071,58673,543,69
5/14/2020,141356,17224,10201,35820,,2299,20463,59605,542,52
5/15/2020,141919,17342,10187,36126,,2203,19861,60448,438,64
5/16/2020,142291,17412,10213,36175,,2132,19432,61066,350,46
5/17/2020,142411,17466,10642,36461,,2087,19361,61213,152,24
5/18/2020,142903,17589,10650,36599,,1998,19015,61728,375,38
5/19/2020,143427,17714,10308,36530,,1894,18468,62563,506,69
5/20/2020,143845,17812,10320,36751,,1794,17941,63354,432,43
5/21/2020,144163,17870,10345,36853,,1745,17583,63858,271,28
5/22/2020,144556,17944,10345,36853,,1701,17383,64209,263,36
5/23/2020,144806,17987,10345,36853,,1665,17178,64547,233,30
5/24/2020,144921,18022,10345,36853,,1655,17185,64617,121,24
5/25/2020,145279,18112,10345,36853,,1609,16798,65199,342,45
5/26/2020,145555,18260,10335,37235,,1555,16264,65879,318,37
5/27/2020,145746,18260,10336,37235,,1501,15680,66584,271,32
5/28/2020,149071,18326,10336,37235,,1429,15208,67191,253,36
5/29/2020,149668,18387,10327,37273,,1361,14695,67803,255,29
5/30/2020,151496,18444,10327,37273,,1325,14380,68268,227,29
5/31/2020,151753,18475,10327,37273,,1319,14322,68355,72,18
6/1/2020,152091,18506,10327,37273,,1302,14288,68440,89,9
6/2/2020,151325,18590,10350,37405,,1253,14028,68812,229,33
6/3/2020,151677,18671,10350,37405,,1210,13514,69455,250,26
6/4/2020,152444,18715,10350,37405,,1163,13101,69976,195,23
6/5/2020,153055,18761,10350,37405,,1094,12696,70504,213,19
6/6/2020,153634,18792,10350,37405,,1059,12479,70806,143,15
6/7/2020,153977,18805,10350,37405,,1053,12461,70842,37,4
6/8/2020,154188,18859,10350,37405,,1024,12315,71062,145,23
6/9/2020,154591,18912,10384,37599,,955,11961,71506,169,15
6/10/2020,155136,18935,10384,37599,,933,11678,71832,130,23
6/11/2020,155561,18962,10384,37599,,903,11465,72149,143,26
6/12/2020,156287,18990,10384,37599,,879,11124,72572,136,18
6/13/2020,156813,19014,10384,37599,,871,10909,72808,68,14
6/14/2020,157220,19023,10384,37599,,869,10881,72859,33,6
6/15/2020,157372,19052,10384,37599,,846,10752,73044,114,12
6/16/2020,157716,19090,10457,37901,,820,10535,73335,143,14
6/17/2020,158174,19118,10457,37901,,772,10267,73667,116,14
6/18/2020,158641,19146,10457,37901,,752,10125,73887,136,15
6/19/2020,159452,19160,10457,37901,,727,9970,74117,116,10
6/20/2020,160093,19176,10457,37901,,715,9837,74312,90,7
6/21/2020,160377,19183,10457,37901,,715,9823,74372,48,5
6/22/2020,160750,19206,10457,37901,,701,9693,74612,142,16
6/23/2020,161267,19232,10488,37995,,682,9491,74871,117,15
6/24/2020,161348,19243,10488,37995,,658,9299,75127,97,8
6/25/2020,161348,19264,10488,37995,,651,9141,75351,124,15
6/26/2020,162936,19290,10488,37995,,634,8886,75649,87,15
6/27/2020,163454,19290,10488,37995,,634,8886,75649,55,9
6/28/2020,163980,19290,10488,37995,,634,8886,75649,44,4
6/29/2020,164260,19325,10488,37995,,619,8688,75999,102,15
6/30/2020,164801,19346,10497,38107,,602,8536,76274,152,8
7/1/2020,165719,19364,10497,38107,,582,8336,76549,106,17
7/2/2020,166378,19378,10497,38107,,573,8148,76802,93,12
7/3/2020,166960,19396,10497,38107,,560,7990,77060,125,12
7/4/2020,167711,19388,NaN,38107,,517,7863,77160,47,4
7/5/2020,168159,19390,NaN,38107,,521,7863,77179,21,5
7/6/2020,168335,19423,10497,38107,,548,7850,77319,98,10
7/7/2020,168810,19457,10476,39256,,538,7594,77655,127,21
7/8/2020,169473,19489,10476,39256,,529,7297,77996,83,18
7/9/2020,170094,19503,10476,39256,,512,7177,78170,79,8
7/10/2020,170752,19528,10476,39256,,496,7062,78388,136,9
7/11/2020,171504,19514,10476,39256,,470,6995,78454,57,7
7/12/2020,172089,19515,10476,39256,,473,6991,78486,26,5
7/13/2020,172377,19553,10476,39256,,492,6983,78597,68,10
7/14/2020,172888,19539,10476,39256,,465,6907,78670,61,7
7/15/2020,173304,19579,10541,39464,,482,6915,78820,133,16
7/16/2020,173838,19597,10541,39464,,481,6796,79036,119,23
7/17/2020,174674,19611,10541,39464,,477,6688,79244,119,17
7/18/2020,175639,19599,10541,39464,,450,6614,79322,68,6
7/19/2020,176404,19600,10541,39464,,448,6583,79384,36,4
7/20/2020,176754,19636,10541,39464,,467,6589,79541,137,18
7/21/2020,177338,19649,10516,39554,,455,6482,79734,109,12
7/22/2020,178336,19656,10516,39554,,445,6366,79957,132,17
7/23/2020,179398,19666,10516,39554,,436,5957,80472,123,13
7/24/2020,180528,19676,10516,39554,,410,5720,80815,126,16
7/25/2020,181636,19664,10516,39554,,368,5634,80915,86,8
7/26/2020,182565,19665,10516,39554,,367,5640,80947,36,1
7/27/2020,183079,19693,10516,39554,,398,5655,81082,118,25
7/28/2020,183804,19708,10515,39638,,385,5551,81311,172,22
7/29/2020,185196,19723,10515,39638,,380,5450,81500,118,14
7/30/2020,186573,19739,10515,39638,,381,5375,81667,116,14
7/31/2020,187919,19750,10515,39638,,371,5298,81881,152,16
8/1/2020,189547,19736,10515,39638,,344,5177,82016,77,11
8/2/2020,190739,19737,10515,39638,,345,5188,82029,25,3
8/3/2020,191295,19779,10515,39638,,384,5198,82166,142,29
8/4/2020,192334,19790,10506,39645,,388,5162,82318,139,21
8/5/2020,194029,19799,10506,39645,,384,5148,82460,137,15
8/6/2020,195633,19806,10506,39645,,390,5060,82670,141,21
8/7/2020,197921,19818,10506,39645,,383,5011,82836,136,20
8/8/2020,200105,19800,10506,39645,,366,4981,82881,73,12
8/9/2020,201990,19800,10506,39645,,368,4992,82886,14,4
8/10/2020,202775,19834,10506,39645,,396,5045,83047,180,28
8/11/2020,204172,19849,10505,39744,,391,5012,83237,191,21
8/12/2020,206696,19866,10505,39744,,379,4891,83472,143,17
8/13/2020,209365,19883,10505,39744,,374,4864,83663,201,25
8/14/2020,212211,19901,10505,39744,,367,4828,83848,173,20
8/15/2020,215521,19904,10505,39744,,353,4817,83880,87,15
8/16/2020,218536,19905,10505,39744,,376,4860,83921,33,2
8/17/2020,219029,19924,10505,39744,,384,4925,84065,234,34
8/18/2020,221267,19940,10511,39930,,380,4823,84309,185,28
8/19/2020,225043,19957,10511,39930,,374,4806,84467,162,31
8/20/2020,229814,19969,10511,39930,,380,4748,84642,149,28
8/21/2020,234400,19992,10511,39930,,379,4745,84829,210,37
8/22/2020,238002,20001,10511,39930,,380,4711,84950,115,10
8/23/2020,242899,20002,10511,39930,,383,4709,84973,29,6
8/24/2020,244854,20017,10511,39930,,399,4690,85199,233,43
8/25/2020,248158,20038,10506,40043,,410,4600,85524,265,49
8/26/2020,253587,20034,10506,40043,,373,4535,85731,215,21
8/27/2020,259698,20070,10506,40043,,381,4535,85984,225,32
8/28/2020,267077,20089,10507,40083,,387,4535,86177,241,32
8/29/2020,272530,20095,10507,40083,,400,4530,86298,135,28
8/30/2020,277943,20099,10507,40083,,402,4535,86310,23,5
8/31/2020,281025,20128,10507,40083,,409,4582,86469,254,45
9/1/2020,286007,20147,10514,40300,,424,4604,86712,300,54
9/2/2020,293024,20172,10514,40300,,446,4632,86963,317,57
9/3/2020,300181,20192,10514,40300,,464,4643,87206,307,55
9/4/2020,309156,20210,10476,40300,,473,4671,87447,292,46
9/5/2020,317706,20222,10476,40300,,482,4839,87579,168,23
9/6/2020,324777,20225,10476,40300,,486,4905,87608,66,8
9/7/2020,328980,20250,10476,40300,,537,4907,87836,448,83
9/8/2020,335524,20289,10475,40876,,574,4960,88226,490,86
9/9/2020,344101,20319,10475,40876,,599,5003,88524,386,71
9/10/2020,353944,20338,10475,40876,,615,5096,88742,352,54
9/11/2020,363350,20378,10515,41389,,635,5155,89059,447,64
9/12/2020,373911,20395,10515,41389,,662,5195,89231,243,51
9/13/2020,381094,20401,10515,41389,,669,5247,89270,98,18
9/14/2020,387252,20435,10515,41389,,712,5498,89507,545,104
9/15/2020,395104,20471,10528,42047,,759,5679,89891,642,117
9/16/2020,404888,20517,10528,42047,,803,5819,90335,649,100
9/17/2020,415481,20567,10528,42047,,800,5844,90840,599,81
9/18/2020,428696,20689,10560,42699,,827,5819,91574,850,100
9/19/2020,442194,20714,10560,42699,,834,5512,92319,470,73
9/20/2020,452763,20725,10560,42699,,841,5375,92582,139,24
9/21/2020,458061,20778,10560,42699,,919,5616,93008,754,143
9/22/2020,468069,20845,10571,43555,,951,5796,93538,783,130
9/23/2020,481141,20888,10571,43555,,1002,5932,93982,649,124
9/24/2020,497237,20940,10571,43555,,1048,6031,94413,613,124
9/25/2020,513034,20995,10666,44471,,1098,6128,94891,661,129
9/26/2020,527446,21034,10666,44471,,1111,6172,95303,503,89
9/27/2020,538569,21061,10666,44471,,1118,6253,95426,241,47
9/28/2020,542639,21142,10666,44471,,1164,6415,95774,619,137
9/29/2020,550690,21201,10692,45090,,1204,6500,96327,698,165
9/30/2020,563535,21264,10692,45090,,1238,6590,96797,650,135
10/1/2020,577505,21327,10692,45090,,1265,6652,97271,626,142
10/2/2020,589653,21374,10781,45701,,1276,6758,97778,721,120
10/3/2020,606625,21417,10781,45701,,1295,6758,98230,532,103
10/4/2020,619190,21449,10781,45701,,1341,6982,98374,418,91
10/5/2020,624274,21518,10781,45701,,1415,7294,98680,710,152
10/6/2020,634763,21580,10785,46520,,1426,7398,99295,829,168
10/7/2020,653509,21660,10785,46520,,1416,7536,99793,789,143
10/8/2020,671638,21736,10785,46520,,1427,7624,100306,711,114
10/9/2020,691977,21798,10832,47549,,1448,7864,100828,848,150
10/10/2020,718873,21852,10832,47549,,1465,7997,101311,694,110
10/11/2020,734974,21898,10832,47549,,1492,8252,101491,503,73
10/12/2020,743479,21993,10832,47549,,1548,8692,101899,916,171
10/13/2020,756472,22077,10856,48845,,1642,8949,102680,1168,226
10/14/2020,779063,22181,10856,48845,,1673,9194,103413,1133,193
10/15/2020,809684,22269,10856,48845,,1750,9605,104082,1207,219
10/16/2020,834770,22391,10912,48845,,1800,10042,104696,1225,212
10/17/2020,867197,22480,10912,48845,,1877,10420,105194,986,175
10/18/2020,897034,22565,10912,48845,,1948,10918,105431,835,147
10/19/2020,910277,22711,10912,48845,,2099,11661,105935,1424,269
10/20/2020,930745,22873,11012,53385,,2177,12458,106839,1944,278
10/21/2020,957421,23036,11012,53385,,2248,13185,107652,1754,284
10/22/2020,999043,23198,11012,53385,,2319,14032,108599,1998,262
10/23/2020,1041075,23382,11126,57261,,2441,15008,109486,2091,299
10/24/2020,1086497,23519,11126,57261,,2500,15660,110322,2500,233
10/25/2020,1138507,23635,11126,57261,,2584,16477,110660,1298,191
10/26/2020,1165278,23892,11126,57261,,2770,17784,111347,2314,357
10/27/2020,1198695,24180,11361,62297,,2918,18978,112716,2988,431
10/28/2020,1235132,24424,11361,62297,,3045,20207,113977,2821,372
10/29/2020,1282769,24659,11361,62297,,3156,21183,115287,2607,395
10/30/2020,1331984,24914,11651,68349,,3377,22176,116533,2563,422
10/31/2020,1367625,25137,11651,68349,,3452,23036,117658,2274,339
11/1/2020,1413915,25368,11651,68349,,3578,24031,118227,1883,289
11/2/2020,1466433,25784,11651,68349,,3730,25143,119104,2547,430
11/3/2020,1502763,26210,12079,73958,,3878,26265,120714,3311,469
11/4/2020,1543321,26595,12079,73958,,4089,27534,122662,3681,540
11/5/2020,1601367,26958,12079,73958,,4230,28426,124278,2989,447
11/6/2020,1661853,27356,12509,80369,,4331,28979,126329,3140,434
11/7/2020,1748705,27660,12509,80369,,4421,29421,127938,2458,394
11/8/2020,1787324,27930,12509,80369,,4539,30243,128614,1814,323
11/9/2020,1807479,28478,12509,80369,,4690,31125,129735,2670,484
11/10/2020,1829659,28944,13263,87932,,4750,31505,131920,3169,473
11/11/2020,1865538,29272,13263,87932,,4803,31946,133696,2588,351
11/12/2020,1898710,29697,13263,87932,,4899,32683,134954,2366,386
11/13/2020,1922504,30153,13739,94240,,4903,32707,137155,2830,471
11/14/2020,1954599,30507,13739,94240,,4871,32499,139140,2194,326
11/15/2020,1981827,30809,13739,94240,,4896,33081,139810,2194,270
11/16/2020,1991233,31315,13739,94240,,4919,33497,140880,2064,366
11/17/2020,2036755,31743,14530,101482,,4854,33170,143152,2505,382
11/18/2020,2065138,32168,14530,101482,,4775,32842,145391,2428,357
11/19/2020,2086288,32597,14530,101482,,4653,32345,147569,2213,311
11/20/2020,2109170,32978,15287,107460,,4582,31906,149521,1962,263
11/21/2020,2127051,33231,15287,107460,,4509,31197,151177,1509,219
11/22/2020,2140208,33445,15287,107460,,4509,31554,151681,904,171
11/23/2020,2144660,33945,15287,107460,,4454,31481,152592,1377,243
11/24/2020,2153815,34399,15838,112080,,4289,30622,154679,1781,269
11/25/2020,2170097,34780,15838,112080,,4148,29972,156552,1674,257
11/26/2020,2183660,35119,15838,112080,,4018,29310,158236,1459,192
11/27/2020,2196119,35512,16402,116240,,3883,28648,159915,1468,206
11/28/2020,2208699,35725,16402,116240,,3777,28168,161137,973,122
11/29/2020,2218483,35923,16402,116240,,3756,28313,161427,650,102
11/30/2020,2222488,36329,16402,116240,,3751,28258,162281,1251,196
12/1/2020,2230571,36692,16814,119716,,3605,27639,164029,1572,234
12/2/2020,2244635,37002,16814,119716,,3488,27013,165563,1252,160
12/3/2020,2257331,37326,16814,119716,,3425,26703,166940,1448,184
12/4/2020,2268552,37608,17159,123298,,3293,26311,168352,1399,163
12/5/2020,2281475,37822,17159,123298,,3230,26070,169358,1017,125
12/6/2020,2292497,37996,17159,123298,,3220,26293,169586,625,101
12/7/2020,2295908,38362,17159,123298,,3198,26365,170285,1200,202
12/8/2020,2309621,38739,17613,126828,,3088,25914,171868,1587,214
12/9/2020,2324216,39035,17613,126828,,3041,25558,173247,1372,170
12/10/2020,2337966,39327,17613,126828,,2959,25231,174658,1440,191
12/11/2020,2351372,39631,17936,129501,,2884,24975,175891,1334,180
12/12/2020,2365319,39825,17936,129501,,2861,24980,176743,1096,127
12/13/2020,2376852,39975,17936,129501,,2871,25239,176995,668,89
12/14/2020,2379915,40346,17936,129501,,2906,25481,177647,1316,209
12/15/2020,2391447,40653,18419,133545,,2881,25240,179087,1560,211
12/16/2020,2409062,40942,18419,133545,,2850,25315,180311,1659,219
12/17/2020,2427316,41200,18419,133545,,2808,25182,181506,1362,151
12/18/2020,2442990,41455,18774,137358,,2773,24977,182656,1281,176
12/19/2020,2460555,41644,18774,137358,,2727,24851,183571,1003,123
12/20/2020,2473354,41775,18774,137358,,2754,24993,183806,599,91
12/21/2020,2479151,42126,18774,137358,,2746,25233,184464,1284,179
12/22/2020,2490946,42507,19195,140766,,2728,24964,186058,1776,256
12/23/2020,2505875,42783,19195,140766,,2710,24884,187272,1421,200
12/24/2020,2527509,43073,19195,140766,,2652,24639,188639,1452,186
12/25/2020,2547771,43232,19195,140766,,2625,24392,189445,743,112
12/26/2020,2550864,43378,19195,140766,,2649,24477,189718,513,101
12/27/2020,2559686,43551,19195,140766,,2659,24653,189941,589,107
12/28/2020,2562646,43914,19195,140766,,2703,24678,190722,1212,229
12/29/2020,2574041,44298,19780,145914,,2675,24776,191806,1625,251
12/30/2020,2600498,44601,19780,145914,,2661,24593,193045,1399,209
12/31/2020,2620425,44852,19780,145914,,2634,24440,194221,1310,176
1/1/2021,2639773,44985,19780,145914,,2618,24296,194901,677,99
1/2/2021,2643239,45141,19780,145914,,2641,24491,195174,645,101
1/3/2021,2655728,45257,19780,145914,,2674,24813,195386,656,101
1/4/2021,2659750,45635,19780,145914,,2666,24995,196037,1258,245
1/5/2021,2680239,45980,20302,149671,,2625,24904,197503,1737,244
1/6/2021,2705618,46263,20302,149671,,2616,24741,198756,1433,234
1/7/2021,2727321,46539,20302,149671,,2582,24521,200079,1438,180
1/8/2021,2747135,46815,20616,152693,,2615,24410,201286,1439,245
1/9/2021,2767312,46983,20616,152693,,2609,24273,202165,941,143
1/10/2021,2783256,47134,20616,152693,,2629,24559,202429,728,117
1/11/2021,2786838,47444,20616,152693,,2676,24846,203072,1285,208
1/12/2021,2806590,47799,21003,156006,,2688,24737,204390,1653,257
1/13/2021,2830442,48028,21003,156006,,2711,24769,205672,1581,208
1/14/2021,2851670,48310,21003,156006,,2726,25017,206802,1685,206
1/15/2021,2872941,48590,21359,159791,,2740,25043,208071,1630,249
1/16/2021,2894347,48783,21359,159791,,2741,25019,209056,1197,188
1/17/2021,2910989,48924,21359,159791,,2776,25269,209343,697,136
1/18/2021,2914725,49327,21359,159791,,2813,25619,210200,1659,254
1/19/2021,2938333,49696,21646,162430,,2839,25567,211816,1988,313
1/20/2021,2965117,50006,21646,162430,,2852,25686,213242,1907,292
1/21/2021,2987965,50352,21646,162430,,2876,25735,214538,1755,252
1/22/2021,3011257,50671,21976,166457,,2912,25908,215822,1857,269
1/23/2021,3035181,50901,21976,166457,,2896,25900,216725,1169,172
1/24/2021,3053617,51073,21976,166457,,2965,26393,216965,918,175
1/25/2021,3057857,51518,21976,166457,,3041,26924,217708,1768,298
1/26/2021,3079943,51868,22238,169291,,3081,27041,219152,2002,343
1/27/2021,3106859,52218,22238,169291,,3107,27169,220570,1931,318
1/28/2021,3130629,52562,22238,169291,,3111,27166,221903,1719,270
1/29/2021,3153487,52917,22703,173312,,3130,27308,223174,1820,271
1/30/2021,3177879,53159,22703,173312,,3113,27282,224120,1174,192
1/31/2021,3197114,53354,22703,173312,,3158,27613,224406,816,148
2/1/2021,3201461,53809,22703,173312,,3228,27914,225319,1748,318
2/2/2021,3224798,54213,23025,175811,,3280,28071,226896,2184,368
2/3/2021,3251160,54570,23025,175811,,3277,27955,228472,1878,275
2/4/2021,3274608,54927,23025,175811,,3250,27808,229975,1745,275
2/5/2021,3296747,55220,23383,179604,,3245,27614,231549,1715,254
2/6/2021,3317333,55411,23383,179604,,3225,27369,232693,1122,168
2/7/2021,3337048,55582,23383,179604,,3272,27694,232977,785,160
2/8/2021,3341365,56040,23383,179604,,3363,28037,233993,1889,355
2/9/2021,3360235,56476,23671,181965,,3342,27677,235717,1926,333
2/10/2021,3385622,56772,23671,181965,,3319,27461,237113,1520,282
2/11/2021,3406685,57132,23671,181965,,3337,27007,238753,1610,269
2/12/2021,3427386,57449,23999,184192,,3308,26468,240290,1402,264
2/13/2021,3448617,57648,23999,184192,,3304,26240,241354,1082,191
2/14/2021,3465163,57815,23999,184192,,3309,26445,241628,649,113
2/15/2021,3469539,58227,23999,184192,,3381,26522,242528,1426,306
2/16/2021,3489129,58578,24234,186226,,3348,26239,244238,1853,322
2/17/2021,3514147,58888,24234,186226,,3350,25974,245737,1555,309
2/18/2021,3536648,59159,24234,186226,,3394,25762,247127,1486,261
2/19/2021,3560764,59484,24480,188270,,3390,25551,248488,1537,308
2/20/2021,3583135,59641,24480,,,3369,25269,249520,1029,195
2/21/2021,3605181,59800,24480,,,3392,25464,249727,593,141
2/22/2021,3609827,60133,24480,,,3407,25831,250532,1529,274
2/23/2021,3629891,60443,24601,,,3435,25660,252083,1780,345
2/24/2021,3661410,60720,24601,,,3436,25614,253450,1636,319
2/25/2021,3686813,60981,24601,,,3430,25317,254868,1454,301
2/26/2021,3712020,61265,24856,,,3445,25130,256326,1634,303
2/27/2021,3736016,61450,24856,,,3453,24989,257258,1007,208
2/28/2021,3755968,61572,24856,,,3492,25280,257555,728,164
3/1/2021,3760671,61947,24856,,,3544,25430,258384,1393,347
3/2/2021,3783528,62247,24973,,,3586,25263,259893,1705,366
3/3/2021,3810316,62569,24973,,,3637,25111,261289,1622,322
3/4/2021,3835595,62862,24973,,,3633,24891,262690,1538,293
3/5/2021,3859102,63100,25174,,,3680,24765,263919,1397,324
3/6/2021,3882408,63270,25174,,,3689,24625,264909,1097,233
3/7/2021,3904233,63400,25174,,,3743,24818,265295,720,187
3/8/2021,3909560,63759,25174,,,3849,25195,266096,1584,381
3/9/2021,3932862,64057,25244,,,3918,25201,267539,1810,421
3/10/2021,3963165,64321,25311,,,3918,24969,269019,1574,343
3/11/2021,3990331,64586,25311,,,3992,24858,270433,1609,385
3/12/2021,4015560,64809,25311,,,4033,24749,271678,1448,306
3/13/2021,4045319,64978,25311,,,4070,24671,272615,1087,263
3/14/2021,4071662,65118,25311,,,4127,24989,272960,821,188
3/15/2021,4078133,65451,25311,,,4219,25469,273771,1676,401
3/16/2021,4108108,65765,25405,,,4239,25492,275360,2005,435
3/17/2021,4146609,66006,25405,,,4219,25314,276993,1745,357
3/18/2021,4181607,66274,25405,,,4246,25389,278263,1661,382
3/19/2021,4216695,66559,25405,,,4287,25339,279646,1699,383
3/20/2021,4252022,66735,25405,,,4353,25537,280571,1348,317
3/21/2021,4282603,66873,25405,,,4406,25926,280955,926,196
3/22/2021,4298395,67216,25405,,,4548,26488,281885,1902,471
3/23/2021,4313073,67503,25405,,,4634,26756,283507,2286,488
3/24/2021,4378446,67748,25405,,,4651,26876,285199,2130,384
3/25/2021,4424087,67973,25405,,,4709,27036,286607,1860,408
3/26/2021,4465956,68276,25999,,,4766,27242,288062,2048,476
3/27/2021,4508575,68466,25999,,,4791,27259,289350,1567,332
3/28/2021,4545589,68597,25999,,,4872,27712,289752,1017,238
3/29/2021,4554683,68957,25999,,,4974,28322,290810,2099,484
3/30/2021,4585385,69293,26044,,,5072,28510,292796,2579,569
3/31/2021,4644423,69596,26044,,,5053,28463,294638,2209,472
4/1/2021,4695082,69904,26044,,,5109,28581,296166,2035,480
4/2/2021,4741759,70204,26076,,,5254,28729,297734,2092,505
4/3/2021,4755676,70389,26076,,,5273,28886,299075,1730,399
4/4/2021,4822470,70574,26076,,,5341,29356,299624,1224,270
4/5/2021,4833263,70771,26076,,,5433,29907,300064,1219,284
4/6/2021,4841308,71180,26093,,,5626,30639,301299,2459,632
4/7/2021,4854259,71601,26093,,,5729,30904,303639,3131,673
4/8/2021,4939258,71944,26093,,,5705,30555,305711,2156,498
4/9/2021,4980501,72243,26124,,,5757,30326,307674,2120,498
4/10/2021,5023785,72450,26124,,,5769,30238,309136,1649,388
4/11/2021,5058680,72626,26124,,,5838,30671,309787,1305,286
4/12/2021,5067216,73011,26124,,,5916,31262,310934,2172,492
4/13/2021,5106329,73335,26145,,,5952,31226,313051,2501,555
4/14/2021,5149834,73632,26145,,,5902,30868,315152,2072,441
4/15/2021,5187879,73928,26145,,,5924,30668,317036,2062,501
4/16/2021,5224321,74234,26170,,,5914,30472,318923,2044,463
4/17/2021,5260182,74423,26170,,,5877,30329,320275,1471,359
4/18/2021,5289526,74563,26170,,,5893,30789,320757,1111,233
4/19/2021,5296222,75010,26170,,,5970,31214,321889,2066,502
4/20/2021,5339320,75384,26184,,,5984,31086,323961,2404,601
4/21/2021,5374288,75697,26184,,,5959,30954,325811,2095,476
4/22/2021,5408606,75980,26184,,,5981,30634,327668,1878,478
4/23/2021,5440946,76285,26211,,,5962,30438,329405,1932,436
4/24/2021,5473579,76502,26211,,,5958,30100,330838,1368,348
4/25/2021,5498044,76647,26211,,,5978,30287,331362,881,218
4/26/2021,5503996,77045,26211,,,6001,30596,332563,1944,470
4/27/2021,5534313,77370,26233,,,5943,30281,334577,2109,484
4/28/2021,5565852,77685,26233,,,5879,29911,336281,1708,349
4/29/2021,5592390,77991,26233,,,5804,29487,338000,1711,392
4/30/2021,5616689,78261,26253,,,5675,28930,339650,1433,323
5/1/2021,5642359,78453,26253,,,5581,28603,340997,1246,310
5/2/2021,5652247,78566,26253,,,5585,28818,341458,798,173
5/3/2021,5656007,78877,26253,,,5630,28950,342451,1495,386
5/4/2021,5680378,79120,26267,,,5504,28427,344265,1591,355
5/5/2021,5706378,79364,26267,,,5402,27686,346184,1459,312
5/6/2021,5728090,79583,26267,,,5231,26985,347768,1151,273
5/7/2021,5747214,79809,26292,,,5106,26331,349293,1140,269
5/8/2021,5767959,79985,26292,,,5005,25800,350471,844,191
5/9/2021,5777087,80100,26292,,,4971,25797,350873,527,124
5/10/2021,5780379,80392,26292,,,4870,25666,351795,1125,265
5/11/2021,5800170,80628,26307,,,4743,25028,353370,1239,285
5/12/2021,5821668,80812,26307,,,4583,24254,354860,965,217
5/13/2021,5841129,80943,26307,,,4442,23656,355927,618,139
5/14/2021,5848154,81116,26307,,,4352,23406,356700,733,152
5/15/2021,5863839,81228,26307,,,4271,22950,357613,580,134
5/16/2021,5877787,81309,26307,,,4255,22963,357928,416,102
5/17/2021,5881137,81505,26307,,,4186,22749,358776,871,204
5/18/2021,5898347,81692,26348,,,4015,22058,360213,996,247
5/19/2021,5917397,81833,26348,,,3862,21347,361460,712,168
5/20/2021,5568551,81966,26348,,,3769,20750,362593,709,202
5/21/2021,5581351,82075,26362,,,3631,20209,363600,625,139
5/22/2021,5593962,82164,26362,,,3544,19765,364391,468,115
5/23/2021,5603666,82234,26362,,,3515,19720,364695,324,73
5/24/2021,5605895,82296,26362,,,3496,19701,364902,260,66
5/25/2021,5609050,82494,26385,,,3447,19430,365739,796,205
5/26/2021,5621696,82638,26385,,,3330,18593,367046,671,181
5/27/2021,5635629,82780,26385,,,3206,17941,368023,499,127
5/28/2021,5646897,82878,26412,,,3104,17272,369109,539,155
5/29/2021,5657572,82946,26412,,,3028,16847,369789,334,93
5/30/2021,5666113,82990,26412,,,2993,16775,370014,199,43
5/31/2021,5667324,83116,26412,,,2945,16596,370577,529,140
6/1/2021,5677172,83243,26419,,,2825,16088,371500,596,145
6/2/2021,5685915,83339,26419,,,2754,15638,372310,491,106
6/3/2021,5694076,83409,26419,,,2677,15283,373033,458,94
6/4/2021,5701029,83490,26426,,,2571,14801,373818,408,91
6/5/2021,5707683,83547,26426,,,2525,14532,374281,267,62
6/6/2021,5712753,83572,26426,,,2527,14525,374416,154,52
6/7/2021,5713917,83636,26426,,,2472,14323,374909,383,97
6/8/2021,5719935,83708,26429,,,2394,13984,375569,405,106
6/9/2021,5725492,83773,26429,,,2326,13526,376342,391,94
6/10/2021,5729967,83841,26429,,,2245,13090,376974,297,74
6/11/2021,5733838,83910,26434,,,2163,12712,377596,313,66
6/12/2021,5737810,83944,26434,,,2110,12496,377961,198,48
6/13/2021,5740665,83957,26434,,,2106,12480,378063,111,26
6/14/2021,5741354,84020,26434,,,2068,12374,378429,325,71
6/15/2021,5744589,84096,26438,,,1952,11895,379108,300,69
6/16/2021,5747647,84140,26438,,,1873,11519,379635,198,39
6/17/2021,5750433,84196,26438,,,1799,11114,380195,225,46
6/18/2021,5752872,84246,26456,,,1740,10738,380667,171,53
6/19/2021,5755496,84268,26456,,,1703,10531,380930,102,24
6/20/2021,5757311,84282,26456,,,1703,10518,380979,51,15
6/21/2021,5757798,84322,26456,,,1655,10386,381278,216,48
6/22/2021,5760002,84373,26456,,,1560,10046,381726,181,47
6/23/2021,5762322,84406,26456,,,1509,9771,382124,167,42
6/24/2021,5764329,84450,26456,,,1439,9392,382593,140,27
6/25/2021,5766315,84483,26456,,,1389,9190,382897,148,39
6/26/2021,5768443,84495,26456,,,1349,9024,383122,81,14
6/27/2021,5770021,84512,26456,,,1345,8986,383185,42,13
6/28/2021,5770530,84556,26456,,,1304,8846,383447,176,41
6/29/2021,5772844,84584,26473,,,1250,8627,383768,134,29
6/30/2021,5775301,84609,26473,,,1204,8451,384051,158,31
7/1/2021,5777965,84638,26473,,,1162,8232,384338,109,30
7/2/2021,5780648,84662,26473,,,1123,8044,384616,118,17
7/3/2021,5783654,84679,26473,,,1102,7912,384781,79,17
7/4/2021,5786203,84688,26473,,,1104,7913,384812,41,12
7/5/2021,5786999,84724,26473,,,1077,7806,385013,137,30
7/6/2021,5790584,84758,26473,,,1032,7637,385289,149,30
7/7/2021,5794665,84786,26473,,,997,7539,385490,140,30
7/8/2021,5799107,84811,26473,,,971,7384,385720,100,26
7/9/2021,5803687,84829,26473,,,953,7275,385950,147,30
7/10/2021,5808383,84848,26473,,,947,7183,386122,101,9
7/11/2021,5812639,84852,26473,,,947,7183,386141,23,4
7/12/2021,5813899,84880,26473,,,957,7137,386424,267,55
7/13/2021,5820849,84902,26505,,,933,7076,386704,246,37
7/14/2021,5829724,84908,26505,,,931,7047,386839,115,19
7/15/2021,5833341,84924,26505,,,914,7054,387017,213,36
7/16/2021,5844249,84946,26505,,,899,6971,387297,220,33
7/17/2021,5855198,84962,26505,,,890,6922,387439,114,21
7/18/2021,5867730,84967,26505,,,891,6936,387469,54,9
7/19/2021,5871881,84987,26505,,,902,7041,387703,360,76
7/20/2021,5890062,85020,26505,,,876,6912,388118,327,61
7/21/2021,5911601,85042,26505,,,859,6869,388402,281,64
7/22/2021,5933510,85053,26505,,,868,6832,388707,292,59
7/23/2021,5953071,85082,26513,,,872,6802,389021,330,69
7/24/2021,5978695,85104,26513,,,878,6787,389197,182,35
7/25/2021,5993937,85110,26513,,,886,6843,389226,92,16
7/26/2021,5999244,85154,26514,,,952,7079,389531,607,135
7/27/2021,6026115,85182,26514,,,978,7137,389996,557,121
7/28/2021,6054049,85225,26515,,,992,7208,390367,490,91
7/29/2021,6079239,85252,26516,,,1015,7236,390784,501,91
7/30/2021,6103548,85312,26519,,,1072,7363,391216,640,165
7/31/2021,6127019,85355,26519,,,1099,7409,391581,467,91
8/1/2021,6146619,85373,26519,,,1137,7581,391689,312,69
8/2/2021,6151803,85424,26521,,,1232,7840,392055,688,170
8/3/2021,6178632,85480,26524,,,1331,7974,392634,818,218
8/4/2021,6207416,85528,26525,,,1371,8134,393129,772,157
8/5/2021,6233876,85577,26528,,,1420,8210,393723,712,150
8/6/2021,6258953,85637,26532,,,1458,8368,394324,862,165
8/7/2021,6284708,85669,26532,,,1510,8425,394709,482,136
8/8/2021,6305158,85697,26532,,,1556,8685,394910,498,117
8/9/2021,6310933,85765,26539,,,1667,9022,395310,833,230
8/10/2021,6339509,85833,26541,,,1712,9153,396002,944,211
8/11/2021,6370429,85886,26546,,,1745,9233,396616,773,158
8/12/2021,6398983,85963,26546,,,1807,9465,397162,894,191
8/13/2021,6425436,86037,26562,,,1831,9546,397828,836,188
8/14/2021,6449863,86088,26564,,,1837,9648,398257,606,118
8/15/2021,6471035,86132,26564,,,1852,9798,398445,399,73
8/16/2021,6476864,86228,26575,,,1908,10151,398924,950,178
8/17/2021,6504978,86339,26575,,,1953,10219,399763,1075,245
8/18/2021,6533383,86451,26585,,,2054,10336,400539,1036,299
8/19/2021,6557356,86578,26587,,,2049,10392,401284,976,186
8/20/2021,6579675,86660,26590,,,2091,10515,401946,887,214
8/21/2021,6602311,86789,26590,,,2106,10463,402615,805,165
8/22/2021,6619611,86883,26611,,,2128,10651,402848,542,103
8/23/2021,6624777,86991,26612,,,2215,11007,403285,943,235
8/24/2021,6649630,87143,26616,,,2221,11066,404141,1145,214
8/25/2021,6673336,87236,26626,,,2239,11171,404823,883,182
8/26/2021,6693019,87343,26641,,,2261,11104,405490,741,191
8/27/2021,6711268,87438,26652,,,2270,11162,406229,908,194
8/28/2021,6728858,87512,26652,,,2259,11052,406709,465,119
8/29/2021,6742488,87565,26652,,,2276,11092,406911,311,71
8/30/2021,6746283,87663,26667,,,2290,11245,407355,725,159
8/31/2021,6765708,87797,26668,,,2292,11120,408275,941,218
9/1/2021,6783329,87880,26680,,,2294,11119,408908,742,187
9/2/2021,6799240,87983,26686,,,2275,10934,409615,648,143
9/3/2021,6812706,88076,26688,,,2259,10816,410229,624,159
9/4/2021,6826042,88159,26688,,,2223,10654,410710,424,124
9/5/2021,6836452,88208,26688,,,2217,10644,410888,227,60
9/6/2021,6839494,88310,26712,,,2249,10757,411314,661,187
9/7/2021,6854028,88418,26712,,,2259,10646,412039,761,200
9/8/2021,6866856,88518,26731,,,2224,10438,412721,595,174
9/9/2021,6877825,88621,26742,,,2195,10323,413273,554,139
9/10/2021,6887791,88701,26756,,,2151,10115,413880,505,135
9/11/2021,6897392,88747,26756,,,2131,10018,414243,322,91
9/12/2021,6905071,88776,26756,,,2129,10012,414405,187,34
9/13/2021,6907133,88862,26767,,,2103,9986,414778,446,116
9/14/2021,6917460,88956,26767,,,2000,9739,415490,577,137
9/15/2021,6926604,89033,26770,,,1959,9555,416030,452,119
9/16/2021,6934732,89098,26779,,,1952,9297,416554,382,103
9/17/2021,6942105,89164,26805,,,1891,9070,417059,371,81
9/18/2021,6949519,89206,26805,,,1837,8912,417399,243,68
9/19/2021,6955333,89234,26805,,,1832,8887,417505,113,33
9/20/2021,6956848,89255,26814,,,1805,8845,417826,373,114
9/21/2021,6964699,89407,26815,,,1744,8594,418397,503,136
9/22/2021,6971493,89465,26817,,,1656,8414,418859,361,68
9/23/2021,6977722,89527,26821,,,1609,8237,419256,301,71
9/24/2021,6983601,89576,26825,,,1586,8107,419628,296,72
9/25/2021,6989613,89605,26825,,,1571,7980,419912,196,54
9/26/2021,6994319,89619,26825,,,1577,7994,419971,89,35
9/27/2021,6995628,89693,26835,,,1571,7980,420247,343,94
9/28/2021,7002393,89751,26835,,,1524,7801,420645,304,79
9/29/2021,7008228,89793,26836,,,1466,7726,420934,254,52
9/30/2021,7013432,89849,26841,,,1414,7565,421264,238,58
10/1/2021,7018367,89895,26844,,,1355,7410,421579,214,48
10/2/2021,7023315,89925,26844,,,1325,7294,421787,141,33
10/3/2021,7027059,89934,26844,,,1326,7308,421839,76,19
10/4/2021,7028197,89984,26849,,,1328,7299,422072,283,71
10/5/2021,7033755,90045,26849,,,1279,7096,422510,290,75
10/6/2021,7038701,90079,26854,,,1242,7038,422728,202,40
10/7/2021,7043316,90113,26856,,,1200,6903,423001,194,47
10/8/2021,7047786,90151,26859,,,1164,6805,423274,218,52
10/9/2021,7052520,90166,26859,,,1127,6706,423485,128,26
10/10/2021,7056511,90174,26859,,,1132,6737,423537,91,17
10/11/2021,7057631,90204,26864,,,1145,6729,423734,226,58
10/12/2021,7063511,90257,26864,,,1111,6629,424018,254,68
10/13/2021,7069089,90280,26865,,,1091,6601,424238,219,58
10/14/2021,7074276,90318,26867,,,1075,6523,424464,206,44
10/15/2021,7080375,90352,26869,,,1051,6470,424693,215,43
10/16/2021,7085274,90367,26869,,,1049,6437,424817,109,25
10/17/2021,7089052,90372,26869,,,1052,6448,424868,71,18
10/18/2021,7090109,90413,26874,,,1049,6468,425074,277,67
10/19/2021,7096043,90452,26874,,,1046,6483,425292,286,63
10/20/2021,7102079,90473,26879,,,1026,6465,425537,263,44
10/21/2021,7108206,90508,26881,,,1009,6453,425777,273,59
10/22/2021,7114572,90537,26881,,,1010,6400,426012,203,58
10/23/2021,7120863,90560,26881,,,1007,6348,426213,184,42
10/24/2021,7125868,90564,26881,,,1018,6377,426243,63,21
10/25/2021,7127163,90605,26883,,,1023,6405,426431,269,74
10/26/2021,7133766,90643,26883,,,1049,6445,426654,316,112
10/27/2021,7140294,90677,26882,,,1038,6489,426836,283,61
10/28/2021,7146755,90710,26883,,,1037,6541,427031,271,58
10/29/2021,7153188,90737,26884,,,1034,6534,427286,283,67
10/30/2021,7160548,90759,26884,,,1039,6524,427445,176,44
10/31/2021,7166877,90771,26884,,,1046,6572,427489,105,20
11/1/2021,7168743,90777,26884,,,1069,6639,427519,103,28
11/2/2021,7170782,90851,26897,,,1091,6680,427801,416,126
11/3/2021,7180832,90890,26893,,,1096,6764,428108,447,95
11/4/2021,7190334,90937,26895,,,1099,6718,428434,334,81
11/5/2021,7199332,90963,26895,,,1089,6735,428716,334,82
11/6/2021,7208937,90988,26895,,,1099,6667,428950,190,55
11/7/2021,7217484,90998,26895,,,1101,6709,428990,100,20
11/8/2021,7219681,91053,26897,,,1141,6865,429250,483,121
11/9/2021,7232157,91097,26897,,,1140,6851,429618,409,99
11/10/2021,7244040,91130,26897,,,1154,6906,429919,397,93
11/11/2021,7256643,91147,26897,,,1145,6952,430063,212,35
11/12/2021,7260503,91195,26897,,,1182,7046,430277,362,98
11/13/2021,7275149,91211,26897,,,1202,7050,430476,234,64
11/14/2021,7287645,91228,26897,,,1210,7111,430524,125,26
11/15/2021,7290886,91298,26902,,,1257,7361,430811,631,144
11/16/2021,7310664,91345,26902,,,1277,7535,431216,647,135
11/17/2021,7330958,91395,26908,,,1300,7663,431559,525,107
11/18/2021,7351324,91447,26908,,,1333,7787,431887,522,119
11/19/2021,7372544,91497,26908,,,1353,7940,432215,563,129
11/20/2021,7395222,91520,26908,,,1333,7974,432421,269,40
11/21/2021,7414971,91535,26908,,,1339,8038,432497,158,27
11/22/2021,7420237,91629,26911,,,1406,8338,432957,865,188
11/23/2021,7450691,91713,26911,,,1455,8525,433411,759,192
11/24/2021,7483282,91793,26912,,,1483,8765,433833,770,137
11/25/2021,7516746,91865,26912,,,1499,8981,434310,778,139
11/26/2021,7551182,91925,26912,,,1563,9181,434775,744,176
11/27/2021,7588400,91959,26912,,,1617,9271,435027,388,102
11/28/2021,7620048,91982,26912,,,1632,9381,435119,224,42
11/29/2021,7628327,92085,26931,,,1749,9860,435531,1043,253
11/30/2021,7675504,92199,26932,,,1824,10249,436187,1187,271
12/1/2021,7725114,92292,26935,,,1886,10558,436766,992,215
12/2/2021,7773530,92395,26935,,,1934,10790,437363,950,193
12/3/2021,7823388,92508,26949,,,2058,11103,438044,1153,281
12/4/2021,7875012,92557,26949,,,2037,11340,438440,694,119
12/5/2021,7917264,92586,26949,,,2066,11526,438589,369,70
12/6/2021,7928572,92778,26949,,,2191,12096,439237,1424,307
12/7/2021,7987591,92942,26957,,,2351,12714,440066,1665,408
12/8/2021,8048931,93071,26961,,,2426,13044,440865,1288,276
12/9/2021,8105785,93198,26970,,,2461,13363,441638,1250,243
12/10/2021,8161124,93339,26979,,,2498,13629,442473,1293,250
12/11/2021,8214844,93404,26979,,,2539,13855,442940,787,176
12/12/2021,8258692,93452,26979,,,2602,14050,443159,472,111
12/13/2021,8270728,93683,26991,,,2752,14527,443933,1505,379
12/14/2021,8334133,93841,26991,,,2792,14819,445100,1662,362
12/15/2021,8399846,93992,26991,,,2843,15062,446101,1453,274
12/16/2021,8460712,94157,27014,,,2832,15142,447156,1342,248
12/17/2021,8518840,94319,27014,,,2901,15410,448151,1449,301
12/18/2021,8577376,94404,27014,,,2933,15370,448891,816,190
12/19/2021,8625849,94479,27014,,,2936,15528,449128,485,91
12/20/2021,8640924,94703,27014,,,3025,15918,449970,1466,340
12/21/2021,8713756,94913,27033,,,3096,16076,451213,1661,357
12/22/2021,8798028,95083,27033,,,3147,16118,452365,1404,322
12/23/2021,8889636,95262,27033,,,3208,16060,453573,1347,323
12/24/2021,8983760,95429,27033,,,3254,16173,454659,1398,316
12/25/2021,9088371,95513,27033,,,3282,16162,455323,760,160
12/26/2021,9116068,95609,27033,,,3299,16365,455508,506,93
12/27/2021,9146451,95865,27033,,,3333,16921,456295,1634,328
12/28/2021,9326258,96107,27081,,,3416,17405,457594,2110,417
12/29/2021,9534357,96291,27081,,,3469,17856,458891,1949,363
12/30/2021,9740600,96471,27081,,,3506,18321,460123,1922,299
